{"cameraMode":{"drawMode":0,"name":"Shaded","section":"Shading Mode"},"sceneLighting":false,"audioPlay":false,"sceneViewState":{"m_AlwaysRefresh":false,"showFog":true,"showSkybox":false,"showFlares":true,"showImageEffects":true,"showParticleSystems":true,"showVisualEffectGraphs":true,"m_FxEnabled":true},"in2DMode":false,"pivot":{"x":0.782176673412323,"y":0.946427047252655,"z":-0.1933618038892746},"rotation":{"x":0.013389081694185734,"y":0.9655700922012329,"z":-0.05073905363678932,"w":0.2547959089279175},"size":2.2276062965393068,"orthographic":false}